<?xml version="1.0"?>
<doc>
    <assembly>
        <name>Mador.Classes</name>
    </assembly>
    <members>
        <member name="T:Mador.Classes.Extensions.DoubleEqualityComparer">
            <summary>
            Класс для сравнения вещественных чисел с конфигурируемой точностью.
            </summary>
        </member>
        <member name="T:Mador.Classes.Extensions.DoubleExtensions">
            <summary>
            Расширения базового функционала обработки вещественных чисел.
            </summary>
        </member>
        <member name="M:Mador.Classes.Extensions.DoubleExtensions.IsEqualTo(System.Double,System.Double)">
            <summary>
            Равно (==) ли число второму при заданной точности?
            </summary>
            <param name="a">Первое число</param>
            <param name="b">Второе число</param>
            <returns>true - числа равны, false - иначе</returns>
        </member>
        <member name="M:Mador.Classes.Extensions.DoubleExtensions.IsMoreThan(System.Double,System.Double)">
            <summary>
            Больше (&gt;) ли число второго при заданной точности?
            </summary>
            <param name="a">Первое число</param>
            <param name="b">Второе число</param>
            <returns>true - больше, false - иначе</returns>
        </member>
        <member name="M:Mador.Classes.Extensions.DoubleExtensions.IsLessThan(System.Double,System.Double)">
            <summary>
            Меньше (&lt;) ли число второго при заданной точности?
            </summary>
            <param name="a">Первое число</param>
            <param name="b">Второе число</param>
            <returns>true - больше, false - иначе</returns>
        </member>
        <member name="M:Mador.Classes.Extensions.DoubleExtensions.IsMoreOrEqual(System.Double,System.Double)">
            <summary>
            Больше либо равно (&gt;=) ли число второго при заданной точности?
            </summary>
            <param name="a">Первое число</param>
            <param name="b">Второе число</param>
            <returns>true - больше либо равно, false - иначе</returns>
        </member>
        <member name="M:Mador.Classes.Extensions.DoubleExtensions.IsLessOrEqual(System.Double,System.Double)">
            <summary>
            Меньше либо равно (&lt;=) ли число второго при заданной точности?
            </summary>
            <param name="a">Первое число</param>
            <param name="b">Второе число</param>
            <returns>true - меньше либо равно, false - иначе</returns>
        </member>
        <member name="M:Mador.Classes.Extensions.DoubleExtensions.ToFormatString(System.Double,System.Int32)">
            <summary>
            Получение строкого преставления числа при заданной точности.
            </summary>
            <param name="a">Число</param>
            <param name="shift">Отступ</param>
            <returns>Строковое представление вещественного числа</returns>
        </member>
        <member name="T:Mador.Classes.Extensions.EnumerableExtensions">
            <summary>
            Расширение базовой функциональности коллекций
            </summary>
        </member>
        <member name="M:Mador.Classes.Extensions.EnumerableExtensions.ForEach``1(System.Collections.Generic.IEnumerable{``0},System.Action{``0})">
            <summary>
            Проход по всем элементам коллекции и выполнение определённого действия над каждым её элементом
            </summary>
            <typeparam name="T">Тип элементов коллекции</typeparam>
            <param name="target">Коллекция</param>
            <param name="action">Действие</param>
        </member>
        <member name="M:Mador.Classes.Extensions.EnumerableExtensions.ForEach``1(``0[0:,0:],System.Action{``0})">
            <summary>
            Проход по всем элементам двумерного массива и выполнение определённого действия над каждым его элементом
            </summary>
            <param name="target">Массив</param>
            <param name="action">Действие</param>
            <typeparam name="T">Тип элементов массива</typeparam>
            <returns></returns>
        </member>
        <member name="T:Mador.Classes.Matrix">
            <summary>
                Предоставляет методы для хранения и базовых операций над Матрицами.
            </summary>
        </member>
        <member name="M:Mador.Classes.Matrix.#ctor">
            <summary>
                Создаёт пустую матрицу нулевой размерности
            </summary>
        </member>
        <member name="M:Mador.Classes.Matrix.#ctor(System.Int32)">
            <summary>
                Создаёт квадратную матрицу заданной размерности
            </summary>
            <param name="dim">Размерность матрицы</param>
        </member>
        <member name="M:Mador.Classes.Matrix.#ctor(System.Int32,System.Int32)">
            <summary>
                Создаёт матрицу заданной размерности
            </summary>
            <param name="n">Количество строк</param>
            <param name="m">Количество столбцов</param>
        </member>
        <member name="M:Mador.Classes.Matrix.#ctor(System.Double[0:,0:])">
            <summary>
                Создаёт матрицу с заданными значениями
            </summary>
            <param name="data">Массив элементов матрицы</param>
        </member>
        <member name="M:Mador.Classes.Matrix.#ctor(System.Int32[0:,0:])">
            <summary>
                Создаёт матрицу с заданными значениями
            </summary>
            <param name="data">Массив или перечисление элементов как аргументов</param>
        </member>
        <member name="M:Mador.Classes.Matrix.#ctor(Mador.Classes.Matrix)">
            <summary>
                Создаёт матрицу дублируя элементы другой матрицы
            </summary>
            <param name="matrix">Матрицы, элементы которой будут скопированы</param>
        </member>
        <member name="M:Mador.Classes.Matrix.Equals(System.Object)">
            <summary>
                Проверка матрицы на равенство с другой
                Асимптотика: O(N*M)
            </summary>
            <param name="obj">Другая матрица</param>
            <returns>true - если равны, false - иначе</returns>
        </member>
        <member name="M:Mador.Classes.Matrix.GetHashCode">
            <summary>
                Вычисление хэш-кода матрицы для того, чтобы любому элементу суметь сопоставить уникальное число.
                Причём матрицы с одинаковыми данными имеют одинаковый хэш-код.
            </summary>
            <returns>Хэш-код</returns>
        </member>
        <member name="M:Mador.Classes.Matrix.ToString">
            <summary>
                Удобное строковое представление элементов матрицы
            </summary>
            <returns>Отформатированные строки матрицы с заданной точностью в конфигурации</returns>
        </member>
        <member name="M:Mador.Classes.Matrix.Add(Mador.Classes.Matrix)">
            <summary>
                Сложить текущую матрицу с заданной
                Асимптотика: O(N*M)
            </summary>
            <param name="matrix">Матрица, которая будет добавлена к текущей</param>
            <returns></returns>
        </member>
        <member name="M:Mador.Classes.Matrix.AddRowToRow(System.Int32,System.Int32,System.Double)">
            <summary>
                Добавить одну строку к другой
            </summary>
            <param name="firstRow">Номер строки, в которую будет записана сумма</param>
            <param name="secondRow">Номер строки, которая будет добавлена</param>
            <param name="mutiplier">Множитель, который будет домножен на добавляемую строку перед сложением</param>
            <returns></returns>
        </member>
        <member name="M:Mador.Classes.Matrix.AddRowToRow(System.Int32,System.Int32)">
            <summary>
                Добавить одну строку к другой
            </summary>
            <param name="firstRow">Номер строки, в которую будет записана сумма</param>
            <param name="secondRow">Номер строки, которая будет добавлена</param>
            <returns></returns>
        </member>
        <member name="M:Mador.Classes.Matrix.Fill(System.Double)">
            <summary>
                Заполнить все элементы матрицы заданным значением
            </summary>
            <param name="value">Значение для заполнения</param>
        </member>
        <member name="M:Mador.Classes.Matrix.GetColumn(System.Int32)">
            <summary>
                Получить столбец матрицы по номеру
            </summary>
            <param name="index">Номер столбца</param>
            <returns>Массив элементов столбца</returns>
        </member>
        <member name="M:Mador.Classes.Matrix.GetRow(System.Int32)">
            <summary>
                Получить строку матрицы по номеру
            </summary>
            <param name="index">Номер строки</param>
            <returns>Массив элементов строки</returns>
        </member>
        <member name="M:Mador.Classes.Matrix.IsEqualDimensions(Mador.Classes.Matrix)">
            <summary>
                Проверяет совпадают ли размерности матриц
            </summary>
            <param name="matrix">Вторая матрица, с которой будет производиться сравнение</param>
            <returns></returns>
        </member>
        <member name="M:Mador.Classes.Matrix.Multiply(System.Double)">
            <summary>
                Умножить матрицу на скаляр. Изменяет текущую матрицу и возвращает ссылку на неё же.
            </summary>
            <param name="value">Скаляр</param>
            <returns>Умноженная матрица</returns>
        </member>
        <member name="M:Mador.Classes.Matrix.Multiply(Mador.Classes.Matrix)">
            <summary>
            Умножить матрицу на матрицу.
            </summary>
            <param name="matrix">Матрица, на которую будет умножена текущая</param>
            <returns></returns>
        </member>
        <member name="M:Mador.Classes.Matrix.Multiply(Mador.Classes.Vector)">
            <summary>
            Умножить матрицу на вектор-столбец
            </summary>
            <param name="vector"></param>
            <returns></returns>
        </member>
        <member name="M:Mador.Classes.Matrix.SubtractRowFromRow(System.Int32,System.Int32,System.Double)">
            <summary>
                Вычесть одну строку из другой
            </summary>
            <param name="fromRow">Номер строки, из которой нужно вычесть (уменьшаемое)</param>
            <param name="targetRow">Номер строки, которую нужно вычитать (вычитаемое)</param>
            <param name="mutiplier">Множитель, который будет домножен на вычитаемую строку перед вычитанием</param>
            <returns></returns>
        </member>
        <member name="M:Mador.Classes.Matrix.SubtractRowFromRow(System.Int32,System.Int32)">
            <summary>
                Вычесть одну строку из другой
            </summary>
            <param name="fromRow">Номер строки, из которой нужно вычесть (уменьшаемое)</param>
            <param name="targetRow">Номер строки, которую нужно вычитать (вычитаемое)</param>
            <returns></returns>
        </member>
        <member name="M:Mador.Classes.Matrix.ToArray">
            <summary>
                Получение значений элементов матрицы в виде массива
            </summary>
            <returns>Искомый массив</returns>
        </member>
        <member name="M:Mador.Classes.Matrix.ToString(System.Int32)">
            <summary>
                Удобное строковое представление элементов матрицы
            </summary>
            <param name="shift">Сколько дополнительных знаков необходимо выделить для форматирования на каждое число</param>
            <returns>Отформатированные строки матрицы с заданной точностью в конфигурации</returns>
        </member>
        <member name="M:Mador.Classes.Matrix.GetDiagonal(System.Int32)">
            <summary>
                Получает диагональ квадратной матрицы
                Асимптотика: O(Max(N, M))
            </summary>
            <param name="number">Номер диагонали. 0 - главная диагональ, 1 - диагональ сверху, -1 - диагональ снизу и так далее.</param>
            <returns>Массив элементов искомой диагонали</returns>
        </member>
        <member name="M:Mador.Classes.Matrix.op_Addition(Mador.Classes.Matrix,Mador.Classes.Matrix)">
            <summary>
                Сложение двух матриц
                Асимптотика: O(N*M)
            </summary>
            <param name="a">Первое слагаемое</param>
            <param name="b">Второе слагаемое</param>
            <returns>Сумма</returns>
        </member>
        <member name="M:Mador.Classes.Matrix.op_Division(Mador.Classes.Matrix,System.Double)">
            <summary>
                Деление матрицы на скаляр
                Асимптотика: O(N*M)
            </summary>
            <param name="a">Делимое</param>
            <param name="b">Делитель</param>
            <returns>Частное</returns>
        </member>
        <member name="M:Mador.Classes.Matrix.op_Equality(Mador.Classes.Matrix,Mador.Classes.Matrix)">
            <summary>
                Проверка матриц на равенство
                Асимптотика: O(N*M)
            </summary>
            <param name="a">Первая матрица</param>
            <param name="b">Вторая матрица</param>
            <returns>true - если равны, false - иначе</returns>
        </member>
        <member name="M:Mador.Classes.Matrix.op_Inequality(Mador.Classes.Matrix,Mador.Classes.Matrix)">
            <summary>
                Проверка матриц на неравенство
                Асимптотика: O(N*M)
            </summary>
            <param name="a">Первая матрица</param>
            <param name="b">Вторая матрица</param>
            <returns>true - если НЕ равны, false - иначе</returns>
        </member>
        <member name="M:Mador.Classes.Matrix.op_Multiply(Mador.Classes.Matrix,System.Double)">
            <summary>
                Умножение матрицы на скаляр
                Асимптотика: O(N*M)
            </summary>
            <param name="a">Первый множитель</param>
            <param name="b">Второй множитель</param>
            <returns>Произведение</returns>
        </member>
        <member name="M:Mador.Classes.Matrix.op_Multiply(System.Double,Mador.Classes.Matrix)">
            <summary>
                Умножение матрицы на скаляр
                Асимптотика: O(N*M)
            </summary>
            <param name="a">Первый множитель</param>
            <param name="b">Второй множитель</param>
            <returns>Произведение</returns>
        </member>
        <member name="M:Mador.Classes.Matrix.op_Multiply(Mador.Classes.Matrix,Mador.Classes.Vector)">
            <summary>
                Умножение матрицы на вектор-столбец
            </summary>
            <param name="a">Первый множитель</param>
            <param name="b">Второй множитель</param>
            <returns>Произведение</returns>
        </member>
        <member name="M:Mador.Classes.Matrix.op_Multiply(Mador.Classes.Matrix,Mador.Classes.Matrix)">
            <summary>
                Умножение матрицы на матрицу
            </summary>
            <param name="a">Первый множитель</param>
            <param name="b">Второй множитель</param>
            <returns>Произведение</returns>
        </member>
        <member name="M:Mador.Classes.Matrix.op_Subtraction(Mador.Classes.Matrix,Mador.Classes.Matrix)">
            <summary>
                Вычитание одной матрицы из другой
                Асимптотика: O(N*M)
            </summary>
            <param name="a">Уменьшаемое</param>
            <param name="b">Вычитаемое</param>
            <returns>Разность</returns>
        </member>
        <member name="M:Mador.Classes.Matrix.Clone">
            <summary>
                Клонирование матрицы (дублирование всех данных матрицы в новой ячейке памяти). Необходимо для избежания ошибок при
                обычном присвоении. См. <see cref="M:Mador.Classes.Matrix.From(System.Double[0:,0:])"/>
            </summary>
            <returns>Новый объект с теми же значениями</returns>
        </member>
        <member name="M:Mador.Classes.Matrix.GetEnumerator">
            <summary>
                Получение перечисления для работы с foreach
            </summary>
            <returns></returns>
        </member>
        <member name="M:Mador.Classes.Matrix.From(Mador.Classes.Matrix)">
            <summary>
                Создание копии матрицы.
                Классы - ссылочные элементы, поэтому присвоение одного другому не значит дублирование соответсвующих данных в
                памяти, а присвоение одной и той же ссылки на те же ячейки памяти, а значит изменение одного влечёт изменение
                другого. Чтобы избежать этого метод дублирует объект (создаёт новую матрицу с теми же данными). Аналогично работает
                соответствующий конструктор и метод <see cref="M:Mador.Classes.Matrix.Clone"/>.
            </summary>
            <param name="matrix">Исходная матрицы, которая будет скопирована</param>
            <returns>Новая матрица с теми же данными, что в аргументе</returns>
        </member>
        <member name="M:Mador.Classes.Matrix.From(System.Double[0:,0:])">
            <summary>
                Создание матрицы из массива элементов
            </summary>
            <param name="elements">Массив элементов матрицы</param>
            <returns>Новая матрица с теми же данными, что в аргументе</returns>
        </member>
        <member name="M:Mador.Classes.Matrix.Fill(System.Func{System.Int32,System.Int32,System.Double})">
            <summary>
                Заполнение матрицы значениями
            </summary>
            <param name="cellValue">На входе СТРОКА, СТОЛБЕЦ - считает значение в заданной ячейке</param>
        </member>
        <member name="M:Mador.Classes.Matrix.From(System.Int32[0:,0:])">
            <summary>
                Создание матрицы из массива элементов
            </summary>
            <param name="elements">Массив элементов матрицы</param>
            <returns>Новая матрица с теми же данными, что в аргументе</returns>
        </member>
        <member name="M:Mador.Classes.Matrix.Identity(System.Int32)">
            <summary>
                Создание единичной матрицы заданной размерности
                Асимптотика: O(dim)
            </summary>
            <param name="dim">Размерность создаваемой матрицы</param>
            <returns>Новая матрицы с единичными элементами</returns>
        </member>
        <member name="P:Mador.Classes.Matrix.Item(System.Int64,System.Int64)">
            <summary>
                Получает или устанавливает элемент матрицы по индексу
            </summary>
            <param name="row">Строка</param>
            <param name="column">Столбец</param>
            <returns>Искомый элемент</returns>
        </member>
        <member name="P:Mador.Classes.Matrix.IsIdentity">
            <summary>
                Является ли матрицы единичной?
            </summary>
        </member>
        <member name="P:Mador.Classes.Matrix.IsNull">
            <summary>
                Все ли элементы матрицы нулевые?
                Асимптотика: O(N*M)
            </summary>
        </member>
        <member name="P:Mador.Classes.Matrix.IsSquared">
            <summary>
                Квадратная ли матрица?
            </summary>
        </member>
        <member name="P:Mador.Classes.Matrix.M">
            <summary>
                Количество столбцов матрицы
            </summary>
        </member>
        <member name="P:Mador.Classes.Matrix.N">
            <summary>
                Количество строк матрицы
            </summary>
        </member>
        <member name="T:Mador.Classes.Vector">
            <summary>
                Предоставляет методы для хранения и базовых операций над Векторами.
            </summary>
        </member>
        <member name="M:Mador.Classes.Vector.#ctor">
            <summary>
                Создаёт пустой вектор нулевой размерности
            </summary>
        </member>
        <member name="M:Mador.Classes.Vector.#ctor(System.Int32)">
            <summary>
                Создаёт вектор заданной размерности
            </summary>
            <param name="dim">Размерность вектора</param>
        </member>
        <member name="M:Mador.Classes.Vector.#ctor(System.Double[])">
            <summary>
                Создаёт вектор с заданными значениями
            </summary>
            <param name="data">Массив или перечисление элементов как аргументов</param>
        </member>
        <member name="M:Mador.Classes.Vector.#ctor(System.Int32[])">
            <summary>
                Создаёт вектор с заданными значениями
            </summary>
            <param name="data">Массив или перечисление элементов как аргументов</param>
        </member>
        <member name="M:Mador.Classes.Vector.#ctor(Mador.Classes.Vector)">
            <summary>
                Создаёт вектор дублируя элементы другого вектора
            </summary>
            <param name="vector">Вектор, элементы которого будут скопированы</param>
        </member>
        <member name="M:Mador.Classes.Vector.Equals(System.Object)">
            <summary>
                Проверка вектора на равенство с другим
            </summary>
            <param name="obj">Другой вектор</param>
            <returns>true - если равны, false - иначе</returns>
        </member>
        <member name="M:Mador.Classes.Vector.GetHashCode">
            <summary>
                Вычисление хэш-кода вектора для того, чтобы любому элементу суметь сопоставить уникальное число. Причём вектора с
                одинаковыми данными имеют одинаковый хэш-код.
            </summary>
            <returns>Хэш-код</returns>
        </member>
        <member name="M:Mador.Classes.Vector.ToString">
            <summary>
                Удобное строковое представление элементов вектора
            </summary>
            <returns>Строка с перечислением элементов вектора с заданной точностью в конфигурации</returns>
        </member>
        <member name="M:Mador.Classes.Vector.Add(Mador.Classes.Vector)">
            <summary>
                Сложить текущий вектор с заданным
            </summary>
            <param name="vector">Вектор, который будет добавлен к текущему</param>
            <returns></returns>
        </member>
        <member name="M:Mador.Classes.Vector.Fill(System.Double)">
            <summary>
                Заполнить все элементы вектора заданным значением
            </summary>
            <param name="value">Значение для заполнения</param>
        </member>
        <member name="M:Mador.Classes.Vector.GetSumOfAllElements">
            <summary>
                Подсчёт суммы всех элементов вектора
            </summary>
            <returns>Искомая сумма</returns>
        </member>
        <member name="M:Mador.Classes.Vector.Multiply(System.Double)">
            <summary>
                Умножить вектор на скаляр. Изменяет текущий вектор и возвращает ссылку на него же.
            </summary>
            <param name="value">Скаляр</param>
            <returns>Умноженный вектор</returns>
        </member>
        <member name="M:Mador.Classes.Vector.Reverse">
            <summary>
                Поворот вектора: первый элемент станет последним, второй - предпоследним и так далее.
            </summary>
            <returns>Перевёрнутый вектор</returns>
        </member>
        <member name="M:Mador.Classes.Vector.ToArray">
            <summary>
                Получение значений элементов вектора в виде массива
            </summary>
            <returns>Искомый массив</returns>
        </member>
        <member name="M:Mador.Classes.Vector.op_Addition(Mador.Classes.Vector,Mador.Classes.Vector)">
            <summary>
                Сложение двух векторов
            </summary>
            <param name="a">Первое слагаемое</param>
            <param name="b">Второе слагаемое</param>
            <returns>Сумма</returns>
        </member>
        <member name="M:Mador.Classes.Vector.op_Division(Mador.Classes.Vector,System.Double)">
            <summary>
                Деление вектора на скаляр
            </summary>
            <param name="a">Делимое</param>
            <param name="b">Делитель</param>
            <returns>Частное</returns>
        </member>
        <member name="M:Mador.Classes.Vector.op_Equality(Mador.Classes.Vector,Mador.Classes.Vector)">
            <summary>
                Проверка векторов на равенство
            </summary>
            <param name="a">Первый вектор</param>
            <param name="b">Второй вектор</param>
            <returns>true - если равны, false - иначе</returns>
        </member>
        <member name="M:Mador.Classes.Vector.op_Inequality(Mador.Classes.Vector,Mador.Classes.Vector)">
            <summary>
                Проверка векторов на неравенство
            </summary>
            <param name="a">Первый вектор</param>
            <param name="b">Второй вектор</param>
            <returns>true - если НЕ равны, false - иначе</returns>
        </member>
        <member name="M:Mador.Classes.Vector.op_Multiply(Mador.Classes.Vector,System.Double)">
            <summary>
                Умножение вектора на скаляр
            </summary>
            <param name="a">Первый множитель</param>
            <param name="b">Второй множитель</param>
            <returns>Произведение</returns>
        </member>
        <member name="M:Mador.Classes.Vector.op_Multiply(System.Double,Mador.Classes.Vector)">
            <summary>
                Умножение вектора на скаляр
            </summary>
            <param name="a">Первый множитель</param>
            <param name="b">Второй множитель</param>
            <returns>Произведение</returns>
        </member>
        <member name="M:Mador.Classes.Vector.op_Subtraction(Mador.Classes.Vector,Mador.Classes.Vector)">
            <summary>
                Вычитание одного вектора из другого
            </summary>
            <param name="a">Уменьшаемое</param>
            <param name="b">Вычитаемое</param>
            <returns>Разность</returns>
        </member>
        <member name="M:Mador.Classes.Vector.Clone">
            <summary>
                Клонирование вектора (дублирование всех данных вектора в новой ячейке памяти). Необходимо для избежания ошибок при
                обычном присвоении. См. <see cref="M:Mador.Classes.Vector.From(System.Double[])"/>
            </summary>
            <returns>Новый объект с теми же значениями</returns>
        </member>
        <member name="M:Mador.Classes.Vector.GetEnumerator">
            <summary>
                Получение перечисления для работы с foreach
            </summary>
            <returns></returns>
        </member>
        <member name="M:Mador.Classes.Vector.From(Mador.Classes.Vector)">
            <summary>
                Создание копии вектора.
                Классы - ссылочные элементы, поэтому присвоение одного другому не значит дублирование соответсвующих данных в
                памяти, а присвоение одной и той же ссылки на те же ячейки памяти, а значит изменение одного влечёт изменение
                другого. Чтобы избежать этого метод дублирует объект (создаёт новый вектор с теми же данными). Аналогично работает
                соответствующий конструктор и метод <see cref="M:Mador.Classes.Vector.Clone"/>.
            </summary>
            <param name="vector">Исходный вектор, который будет продублирован</param>
            <returns>Новый вектор с теми же данными, что в аргументе</returns>
        </member>
        <member name="M:Mador.Classes.Vector.From(System.Double[])">
            <summary>
                Создание вектора из массива или перечисления элементов
            </summary>
            <param name="elements">Массив или перечисление элементов вектора как аргументов</param>
            <returns>Новый вектор с данными из аргументов</returns>
        </member>
        <member name="M:Mador.Classes.Vector.From(System.Int32[])">
            <summary>
                Создание вектора из массива или перечисления элементов
            </summary>
            <param name="elements">Массив или перечисление элементов вектора как аргументов</param>
            <returns>Новый вектор с данными из аргументов</returns>
        </member>
        <member name="M:Mador.Classes.Vector.Unit(System.Int32)">
            <summary>
                Создание единичного вектора заданной размерности
            </summary>
            <param name="dim">Размерность создаваемого вектора</param>
            <returns>Новый вектор с единичными элементами</returns>
        </member>
        <member name="P:Mador.Classes.Vector.Item(System.Int64)">
            <summary>
                Получение или установка значения элемента вектора по индексу
            </summary>
            <param name="index">Индекс элемента. Отсчёт идёт от 0</param>
            <returns>Значение элемента вектора</returns>
        </member>
        <member name="P:Mador.Classes.Vector.Dim">
            <summary>
                Размерность вектора
            </summary>
        </member>
        <member name="P:Mador.Classes.Vector.IsNull">
            <summary>
                Является ли вектор нулевым?
            </summary>
        </member>
        <member name="P:Mador.Classes.Vector.IsUnit">
            <summary>
                Является ли вектор единичным?
            </summary>
        </member>
    </members>
</doc>
