<?xml version="1.0"?>
<doc>
    <assembly>
        <name>Mador.Common</name>
    </assembly>
    <members>
        <member name="T:Mador.Common.Argument">
            <summary>
            Представляет информацию об аргументе функции
            </summary>
        </member>
        <member name="M:Mador.Common.Argument.Define``1(System.String)">
            <summary>
            Определяет аргумент
            </summary>
            <typeparam name="T">Тип</typeparam>
            <param name="name">Запись</param>
            <returns></returns>
        </member>
        <member name="P:Mador.Common.Argument.Name">
            <summary>
            Запись
            </summary>
        </member>
        <member name="P:Mador.Common.Argument.Type">
            <summary>
            Тип
            </summary>
        </member>
        <member name="T:Mador.Common.Config">
            <summary>
            Класс-конфигуратор библиотеки
            </summary>
        </member>
        <member name="M:Mador.Common.Config.ChangeAccuracy(System.Int32)">
            <summary>
            Изменение точности
            </summary>
            <param name="digits">Новая степень точности</param>
        </member>
        <member name="M:Mador.Common.Config.ChangeAccuracy(System.Double)">
            <summary>
            Изменение точности
            </summary>
            <param name="eps">Новая точность</param>
        </member>
        <member name="P:Mador.Common.Config.Eps">
            <summary>
            Точность производимых вычислений
            </summary>
        </member>
        <member name="P:Mador.Common.Config.EpsPow">
            <summary>
            Степень точности. Например, при степени точности = 5 имеем ровно 5 нулей в точности, Eps = 0.000001
            </summary>
        </member>
        <member name="T:Mador.Common.ParsedFunc`1">
            <summary>
            Представляет экземпляр распасеной функции
            </summary>
            <typeparam name="T">Тип возвращаемого результата</typeparam>
        </member>
        <member name="M:Mador.Common.ParsedFunc`1.#ctor(System.String,Mador.Common.Argument[])">
            <summary>
            Создание экземпляра распарсеной функции
            </summary>
            <param name="expression">Выражение</param>
            <param name="arguments">Названия переменных</param>
        </member>
        <member name="M:Mador.Common.ParsedFunc`1.Invoke(System.Object[])">
            <summary>
            Вызов функции
            </summary>
            <param name="arguments">Аргументы функции</param>
            <returns></returns>
        </member>
        <member name="T:Mador.Common.Parser">
            <summary>
            Вспомогательный класс для парсинга
            </summary>
        </member>
        <member name="M:Mador.Common.Parser.FunctionFrom``1(System.String,Mador.Common.Argument[])">
            <summary>
            Конвертирует строковое представление функции в реальную функцию
            </summary>
            <param name="expression">Выражение</param>
            <param name="arguments">Описание аргументов</param>
            <typeparam name="T">Тип функции. Например, Func&lt;double, int&gt; </typeparam>
        </member>
        <member name="M:Mador.Common.Parser.DoubleFrom(System.String)">
            <summary>
            Конвертирует строковое представление числа в число. Точка или запятая используется для разделения дробной части - разницы нет
            </summary>
            <param name="text">Строковое представление</param>
        </member>
    </members>
</doc>
